{"coco/bbox_mAP": 0.266, "coco/bbox_mAP_50": 0.449, "coco/bbox_mAP_75": 0.274, "coco/bbox_mAP_s": 0.2, "coco/bbox_mAP_m": 0.265, "coco/bbox_mAP_l": 0.336, "data_time": 0.00541810900251442, "time": 0.19176970782362732}