{"coco/bbox_mAP": 0.621, "coco/bbox_mAP_50": 0.89, "coco/bbox_mAP_75": 0.706, "coco/bbox_mAP_s": 0.517, "coco/bbox_mAP_m": 0.609, "coco/bbox_mAP_l": 0.71, "data_time": 0.0035851985335509195, "time": 0.16896567580219263}