{"coco/bbox_mAP": 0.495, "coco/bbox_mAP_50": 0.763, "coco/bbox_mAP_75": 0.558, "coco/bbox_mAP_s": 0.406, "coco/bbox_mAP_m": 0.47, "coco/bbox_mAP_l": 0.623, "data_time": 0.003686647389695864, "time": 0.16837151919569926}