{"coco/bbox_mAP": 0.0, "coco/bbox_mAP_50": 0.001, "coco/bbox_mAP_75": 0.0, "coco/bbox_mAP_s": 0.0, "coco/bbox_mAP_m": 0.0, "coco/bbox_mAP_l": 0.001, "data_time": 0.004118540258369395, "time": 0.16908233188023078}